City_ID,City,Lat,Lng,Max Temp,Humidity,Cloudiness,Wind Speed,Country,Date
0,Punta Arenas,-53.15,-70.9167,7.06,57,75,6.69,CL,1624128629
1,Busselton,-33.65,115.3333,13.38,82,100,4.89,AU,1624128398
2,Qasigiannguit,68.8193,-51.1922,4.22,65,100,1.57,GL,1624128629
3,Tasiilaq,65.6145,-37.6368,3.13,68,100,2.0,GL,1624128629
4,Ushuaia,-54.8,-68.3,5.81,75,75,8.23,AR,1624128630
5,Klaksvík,62.2266,-6.589,10.51,84,48,4.96,FO,1624128630
6,São João da Barra,-21.6403,-41.0511,23.05,69,24,7.72,BR,1624128630
7,Bredasdorp,-34.5322,20.0403,10.62,87,88,2.06,ZA,1624128631
8,Bud,39.447,-86.1758,27.24,73,100,5.46,US,1624128631
9,Dikson,73.5069,80.5464,-0.34,84,21,2.52,RU,1624128631
10,Port Lincoln,-34.7333,135.8667,10.73,66,1,1.81,AU,1624128569
11,Mar del Plata,-38.0023,-57.5575,11.67,55,20,1.34,AR,1624128348
12,Yanam,16.7333,82.2167,26.21,84,100,2.58,IN,1624128632
13,Atuona,-9.8,-139.0333,26.36,75,11,9.3,PF,1624128632
14,Vaini,-21.2,-175.2,22.09,94,20,2.57,TO,1624128632
15,Vestmannaeyjar,63.4427,-20.2734,8.83,69,55,4.7,IS,1624128632
16,Bluff,-46.6,168.3333,1.0,88,12,3.93,NZ,1624128633
17,Hermanus,-34.4187,19.2345,20.5,48,16,3.4,ZA,1624128633
18,Sembabule,-0.0772,31.4567,17.38,86,99,1.95,UG,1624128633
19,Yeniseysk,58.4497,92.1703,15.39,97,100,2.28,RU,1624128633
20,Saint Paul Harbor,57.79,-152.4072,8.73,93,90,4.63,US,1624128634
21,Hasaki,35.7333,140.8333,19.22,96,100,5.54,JP,1624128634
22,Bonavista,48.6499,-53.1147,24.0,88,100,5.09,CA,1624128634
23,Thompson,55.7435,-97.8558,20.09,42,75,2.57,CA,1624128367
24,Longyearbyen,78.2186,15.6401,4.91,75,75,10.8,SJ,1624128634
25,Puerto Ayora,-0.7393,-90.3518,26.98,83,67,4.02,EC,1624128635
26,Verkhnyaya Khava,51.8404,39.9413,18.04,83,0,3.29,RU,1624128635
27,Ribeira Grande,38.5167,-28.7,22.22,78,40,9.26,PT,1624128635
28,Qaanaaq,77.484,-69.3632,4.83,52,9,1.06,GL,1624128635
29,Asekeyevo,53.5742,52.7972,16.21,85,0,3.5,RU,1624128636
30,Baharly,38.4362,57.4316,30.77,18,0,2.52,TM,1624128636
31,Santa Maria,-29.6842,-53.8069,13.61,88,90,2.57,BR,1624128491
32,Destin,30.3935,-86.4958,27.77,87,75,8.75,US,1624128636
33,Mataura,-46.1927,168.8643,0.82,98,28,0.92,NZ,1624128636
34,Concepción del Uruguay,-32.4825,-58.2372,14.9,70,25,0.45,AR,1624128637
35,Ponta do Sol,32.6667,-17.1,21.35,65,62,1.09,PT,1624128637
36,Pevek,69.7008,170.3133,2.76,90,51,1.05,RU,1624128637
37,Albany,42.6001,-73.9662,30.32,42,100,0.89,US,1624128546
38,Kaitangata,-46.2817,169.8464,6.04,93,62,2.18,NZ,1624128638
39,Naze,28.3667,129.4833,23.74,83,100,3.4,JP,1624128638
40,East London,-33.0153,27.9116,17.52,72,0,2.57,ZA,1624128638
41,Port Blair,11.6667,92.75,28.15,77,48,3.97,IN,1624128638
42,Touros,-5.1989,-35.4608,27.5,72,4,7.1,BR,1624128639
43,Iskateley,67.6803,53.1512,3.22,82,12,7.51,RU,1624128639
44,Sheopur,25.6667,76.7,30.22,56,100,4.59,IN,1624128639
45,Sault Ste. Marie,46.5168,-84.3333,18.31,47,1,5.66,CA,1624128372
46,Jamestown,42.097,-79.2353,24.77,72,75,3.58,US,1624128538
47,Carnarvon,-24.8667,113.6333,9.04,44,48,2.06,AU,1624128639
48,Pisco,-13.7,-76.2167,19.03,77,90,2.57,PE,1624128640
49,Olafsvik,64.8945,-23.7142,5.51,68,41,7.52,IS,1624128640
50,Adeje,28.1227,-16.726,20.84,58,40,1.79,ES,1624128640
51,Lar,26.2039,83.9717,25.21,93,100,2.16,IN,1624128640
52,Raja,8.4596,25.678,23.24,75,77,2.05,SS,1624128641
53,Nikolskoye,59.7035,30.7861,25.94,67,6,1.14,RU,1624128641
54,Elmadağ,39.9208,33.2308,20.16,49,37,0.62,TR,1624128641
55,Atar,20.5169,-13.0499,36.19,12,0,6.29,MR,1624128641
56,Chokurdakh,70.6333,147.9167,15.41,46,92,4.02,RU,1624128642
57,Mizque,-17.941,-65.3402,23.15,36,59,3.33,BO,1624128642
58,Arapongas,-23.4194,-51.4244,16.28,79,100,1.85,BR,1624128642
59,Lorengau,-2.0226,147.2712,25.9,82,84,1.71,PG,1624128642
60,Merrill,45.1805,-89.6835,24.26,50,75,2.06,US,1624128643
61,Alice Springs,-23.7,133.8833,6.75,76,75,3.09,AU,1624128643
62,Yellowknife,62.456,-114.3525,11.29,50,40,5.14,CA,1624128643
63,Butaritari,3.0707,172.7902,27.45,72,57,1.05,KI,1624128643
64,Arraial do Cabo,-22.9661,-42.0278,23.98,73,75,7.2,BR,1624128644
65,Birao,10.2849,22.7882,27.58,54,72,2.18,CF,1624128644
66,George Town,5.4112,100.3354,25.96,89,40,0.45,MY,1624128644
67,Nanortalik,60.1432,-45.2371,5.75,83,100,6.14,GL,1624128645
68,General Pico,-35.6566,-63.7568,12.7,52,27,3.8,AR,1624128645
69,Martapura,-3.4167,114.85,24.05,100,90,1.03,ID,1624128645
70,Cooma,-36.2333,149.1333,3.87,100,90,4.12,AU,1624128645
71,Xining,36.6167,101.7667,13.82,57,100,0.67,CN,1624128646
72,Usinsk,65.9939,57.5281,3.08,95,100,17.98,RU,1624128646
73,Seregno,45.6524,9.2003,28.24,55,100,0.89,IT,1624128646
74,Cape Town,-33.9258,18.4232,20.62,51,0,1.03,ZA,1624128479
75,Santa Cruz de Tenerife,28.4682,-16.2546,22.12,69,20,1.79,ES,1624128479
76,Pimenta Bueno,-11.6725,-61.1936,32.6,36,82,0.52,BR,1624128593
77,Rikitea,-23.1203,-134.9692,23.49,78,1,8.97,PF,1624128646
78,Bethel,41.3712,-73.414,32.28,60,20,4.63,US,1624128647
79,Tallahassee,30.4383,-84.2807,32.11,78,90,4.63,US,1624128472
80,Ampanihy,-24.7,44.75,18.5,76,47,6.02,MG,1624128647
81,Narsaq,60.9167,-46.05,6.88,79,100,1.87,GL,1624128647
82,Kahului,20.8947,-156.47,27.76,71,20,0.0,US,1624128647
83,Flinders,-34.5833,150.8552,13.45,78,100,4.02,AU,1624128648
84,Aripuanã,-9.1667,-60.6333,29.38,59,100,0.64,BR,1624128576
85,San-Pédro,4.7485,-6.6363,25.87,81,100,3.81,CI,1624128648
86,Salta,-24.7859,-65.4117,10.33,57,20,4.63,AR,1624128648
87,Yumen,40.2833,97.2,19.56,31,43,3.6,CN,1624128649
88,Souillac,-20.5167,57.5167,22.21,60,40,5.66,MU,1624128649
89,Shepsi,44.0361,39.1489,21.33,85,3,2.87,RU,1624128649
90,Stokmarknes,68.5646,14.9108,10.27,72,100,1.08,NO,1624128493
91,Ptichye,45.5168,41.7115,24.4,57,6,8.69,RU,1624128649
92,Balikpapan,-1.2675,116.8289,24.81,87,98,2.78,ID,1624128650
93,Codrington,-38.2667,141.9667,10.49,86,100,2.4,AU,1624128650
94,Te Horo,-40.8084,175.1233,12.83,92,100,3.04,NZ,1624128650
95,Saskylakh,71.9167,114.0833,22.04,49,21,2.37,RU,1624128650
96,Arawa,-6.2132,155.5367,23.41,89,1,1.15,PG,1624128651
97,Tevaitoa,-16.7833,-151.5,27.09,75,7,8.4,PF,1624128651
98,Evensk,61.95,159.2333,7.89,86,100,4.12,RU,1624128651
99,Arecibo,18.4724,-66.7157,32.23,74,66,4.92,PR,1624128651
100,Leningradskiy,69.3833,178.4167,4.4,89,91,1.96,RU,1624128652
101,Hobart,-42.8794,147.3294,8.36,94,90,0.0,AU,1624128370
102,Gandorhun,7.5,-11.8333,24.01,95,100,1.48,SL,1624128652
103,Barrow,71.2906,-156.7887,6.01,75,1,2.57,US,1624128652
104,Katsuura,35.1333,140.3,23.01,97,100,8.03,JP,1624128652
105,Pokhara,28.2333,83.9833,21.79,90,100,0.86,NP,1624128653
106,Hithadhoo,-0.6,73.0833,28.68,70,100,6.22,MV,1624128653
107,Kouango,4.9934,19.9619,23.58,77,44,1.54,CF,1624128653
108,Avera,33.194,-82.5271,24.73,83,100,2.43,US,1624128653
109,Sakakah,29.9697,40.2064,32.76,13,0,4.03,SA,1624128654
110,La Ronge,55.1001,-105.2842,17.14,67,75,3.09,CA,1624128654
111,Ilulissat,69.2167,-51.1,5.2,61,56,2.19,GL,1624128654
112,Katobu,-4.9408,122.5276,24.12,92,100,0.71,ID,1624128654
113,Warmbad,-28.45,18.7333,19.47,24,0,4.69,NA,1624128655
114,Hong Kong,22.2855,114.1577,30.74,83,95,3.13,HK,1624128655
115,Port Alfred,-33.5906,26.891,18.02,59,8,4.63,ZA,1624128655
116,Khatanga,71.9667,102.5,13.51,73,15,3.77,RU,1624128655
117,Cherskiy,68.75,161.3,10.23,56,100,2.64,RU,1624128656
118,Portland,45.5234,-122.6762,24.94,58,75,0.45,US,1624128513
119,Avarua,-21.2078,-159.775,24.03,78,40,6.69,CK,1624128419
120,Maningrida,-12.0667,134.2667,16.76,78,100,4.76,AU,1624128656
121,Nome,64.5011,-165.4064,18.98,70,40,2.57,US,1624128656
122,Kapaa,22.0752,-159.319,26.99,76,1,0.89,US,1624128487
123,Lima,-12.0432,-77.0282,18.14,79,90,0.45,PE,1624128385
124,Tromsø,69.6496,18.957,12.36,76,40,3.6,NO,1624128657
125,Tilichiki,60.4667,166.1,6.76,82,100,2.72,RU,1624128657
126,Port Elizabeth,-33.918,25.5701,12.16,100,40,1.54,ZA,1624128657
127,Paita,-5.0892,-81.1144,25.31,68,4,6.55,PE,1624128657
128,São Félix do Xingu,-6.6447,-51.995,33.76,34,17,2.5,BR,1624128658
129,Feijó,-8.1642,-70.3536,28.83,64,84,1.21,BR,1624128658
130,Glendive,47.1053,-104.7125,30.83,22,1,5.14,US,1624128658
131,Andenes,69.3143,16.1194,11.15,71,90,5.14,NO,1624128658
132,Zhangye,38.9342,100.4517,17.26,52,100,1.38,CN,1624128659
133,Tuktoyaktuk,69.4541,-133.0374,18.0,45,40,5.14,CA,1624128659
134,Puerto Cabezas,14.0351,-83.3888,30.98,74,40,2.06,NI,1624128659
135,Scottsbluff,41.8666,-103.6672,31.27,38,1,1.34,US,1624128659
136,Kondinskoye,59.6481,67.41,12.93,80,100,4.22,RU,1624128660
137,Rieti,42.4072,12.8592,25.81,63,80,1.08,IT,1624128660
138,Hilo,19.7297,-155.09,26.82,70,20,0.0,US,1624128660
139,New Norfolk,-42.7826,147.0587,8.17,82,86,1.02,AU,1624128661
140,Hamilton,39.1834,-84.5333,25.53,81,100,0.45,US,1624128383
141,Biskamzha,53.4497,89.5272,14.39,96,100,1.29,RU,1624128661
142,Barkhan,29.8977,69.5256,29.49,34,0,3.74,PK,1624128661
143,Faanui,-16.4833,-151.75,27.28,75,10,7.93,PF,1624128661
144,Boueni,-12.9025,45.0761,25.99,72,1,5.79,YT,1624128662
145,Provideniya,64.3833,-173.3,12.2,60,26,1.31,RU,1624128662
146,Springbok,-29.6643,17.8865,17.12,28,0,3.14,ZA,1624128662
147,Upernavik,72.7868,-56.1549,3.37,67,15,3.06,GL,1624128662
148,Geraldton,-28.7667,114.6,8.23,76,100,6.17,AU,1624128663
149,Port Augusta,-32.5,137.7667,10.95,82,6,2.08,AU,1624128663
150,Fallon,39.4735,-118.7774,35.79,15,20,2.57,US,1624128454
151,Tiksi,71.6872,128.8694,17.13,49,100,1.47,RU,1624128663
152,Sanlúcar la Mayor,37.3871,-6.2011,23.18,57,16,3.13,ES,1624128664
153,Coquimbo,-29.9533,-71.3436,16.85,59,0,5.66,CL,1624128664
154,Yerbogachën,61.2767,108.0108,14.11,81,47,0.92,RU,1624128664
155,Tongliao,43.6125,122.2653,15.27,64,73,3.16,CN,1624128664
156,Charter Township of Clinton,42.587,-82.9199,24.95,69,75,1.34,US,1624128665
157,Ferrol,43.4832,-8.2369,17.04,76,100,5.32,ES,1624128665
158,Miles City,46.4083,-105.8406,30.54,21,1,3.09,US,1624128665
159,Morant Bay,17.8815,-76.4093,32.01,69,15,6.2,JM,1624128665
160,Sambava,-14.2667,50.1667,21.66,87,59,6.48,MG,1624128666
161,Mahébourg,-20.4081,57.7,22.16,60,40,5.66,MU,1624128666
162,Gallup,35.5281,-108.7426,33.42,16,1,0.45,US,1624128666
163,Cabo San Lucas,22.8909,-109.9124,39.73,67,7,5.81,MX,1624128666
164,Priyutnoye,46.1011,43.5072,24.81,36,6,6.83,RU,1624128667
165,Arkadelphia,34.1209,-93.0538,33.82,58,1,0.0,US,1624128667
166,Valparaíso,-33.0393,-71.6273,19.13,58,0,2.06,CL,1624128667
167,São Filipe,14.8961,-24.4956,23.49,77,1,4.37,CV,1624128668
168,Tutóia,-2.7619,-42.2744,30.99,85,63,3.45,BR,1624128668
169,Poum,-20.2333,164.0167,23.15,78,95,4.62,NC,1624128668
170,Amberley,39.2048,-84.428,25.4,79,1,1.79,US,1624128668
171,Loralai,30.3705,68.598,26.77,31,0,4.98,PK,1624128507
172,Sola,-13.8833,167.55,26.72,79,67,5.09,VU,1624128669
173,Wanning,18.8003,110.3967,27.84,86,53,4.88,CN,1624128669
174,Zambezi,-13.5432,23.1047,15.72,41,57,2.23,ZM,1624128669
175,Marawi,7.9986,124.2928,18.69,92,100,1.5,PH,1624128670
176,Nelson Bay,-32.7167,152.15,12.83,96,82,9.51,AU,1624128670
177,Rio Grande,-32.035,-52.0986,15.06,92,100,5.93,BR,1624128670
178,Banjarmasin,-3.3244,114.591,24.08,96,99,0.72,ID,1624128670
179,Rocha,-34.4833,-54.3333,10.78,93,100,2.82,UY,1624128671
180,Krasnosel'kup,65.7,82.4667,3.96,93,100,5.33,RU,1624128671
181,Muros,42.7762,-9.0603,16.1,83,100,6.26,ES,1624128671
182,San Patricio,28.017,-97.5169,33.93,45,24,4.75,US,1624128671
183,Buraidah,26.326,43.975,36.25,10,0,4.19,SA,1624128672
184,Terrace,54.5163,-128.6035,16.95,59,40,2.06,CA,1624128672
185,Adrar,20.5022,-10.0711,34.66,13,0,5.4,MR,1624128672
186,Ouango,4.3133,22.5552,23.91,79,99,1.99,CF,1624128673
187,Kathmandu,27.7167,85.3167,21.12,100,75,0.0,NP,1624128673
188,Harper,4.375,-7.7169,25.64,82,35,3.69,LR,1624128673
189,Castro,-24.7911,-50.0119,12.43,99,100,1.57,BR,1624128673
190,Shouguang,36.88,118.7375,26.3,37,100,3.86,CN,1624128674
191,Brekstad,63.687,9.6654,13.05,82,75,3.6,NO,1624128674
192,Daşoguz,41.8363,59.9666,23.97,27,0,5.14,TM,1624128674
193,Nālūt,30.3333,10.85,35.91,12,0,2.98,LY,1624128675
194,Fortuna,40.5982,-124.1573,23.85,69,40,0.89,US,1624128531
195,Bengkulu,-3.8004,102.2655,24.24,86,96,1.86,ID,1624128675
196,Ndjolé,-0.1783,10.7649,25.18,88,17,0.68,GA,1624128675
197,Tabou,4.423,-7.3528,26.21,80,58,4.07,CI,1624128675
198,Chu,43.5983,73.7614,17.66,63,94,6.2,KZ,1624128676
199,Yelizovo,53.1873,158.3805,7.08,93,75,2.0,RU,1624128676
200,Gwadar,25.1216,62.3254,28.49,80,31,2.6,PK,1624128676
201,Río Gallegos,-51.6226,-69.2181,5.03,60,0,4.12,AR,1624128676
202,Fort Nelson,58.8053,-122.7002,21.77,43,40,2.57,CA,1624128677
203,Plettenberg Bay,-34.0527,23.3716,17.41,43,10,2.2,ZA,1624128677
204,Madison,34.7334,-86.5667,25.77,81,40,4.47,US,1624128677
205,Talnakh,69.4865,88.3972,6.38,97,98,1.61,RU,1624128678
206,Lebu,-37.6167,-73.65,11.61,61,90,2.25,CL,1624128678
207,Chui,-33.6971,-53.4616,12.5,94,99,2.83,UY,1624128668
208,Chicama,-7.8447,-79.1469,18.3,60,29,4.44,PE,1624128678
209,Nueva Colombia,-25.1833,-57.35,14.1,87,90,3.6,PY,1624128678
210,Starogard Gdański,53.964,18.5264,27.26,100,3,3.09,PL,1624128679
211,Aykhal,66.0,111.5,17.8,49,83,1.98,RU,1624128679
212,Fare,-16.7,-151.0167,27.06,74,2,8.07,PF,1624128679
213,Halifax,44.6453,-63.5724,20.94,73,100,2.68,CA,1624128679
214,Languyan,5.2618,120.0807,25.65,84,100,1.13,PH,1624128680
215,Linhares,-19.3911,-40.0722,22.39,65,95,3.45,BR,1624128680
216,Kavieng,-2.5744,150.7967,26.52,80,63,1.74,PG,1624128680
217,Puro,12.4841,123.3827,28.05,78,100,4.81,PH,1624128680
218,Oddur,4.1213,43.8894,24.32,64,97,9.05,SO,1624128681
219,Skjervøy,70.0311,20.9714,8.7,82,100,1.25,NO,1624128681
220,Luga,58.7372,29.8453,20.81,66,0,1.99,RU,1624128681
221,Darhan,49.4867,105.9228,16.07,51,13,0.44,MN,1624128681
222,Airai,-8.9266,125.4092,14.02,94,77,1.6,TL,1624128682
223,Tegul'det,57.3064,88.1667,15.74,98,99,2.01,RU,1624128682
224,Linkou,45.3,130.2833,11.52,96,91,0.95,CN,1624128682
225,Dicabisagan,17.0818,122.4157,26.0,81,97,1.24,PH,1624128682
226,Yeppoon,-23.1333,150.7333,10.88,71,74,3.14,AU,1624128683
227,Abéché,13.8292,20.8324,28.78,46,92,3.52,TD,1624128683
228,Albacete,38.8333,-2.0,21.45,64,75,1.54,ES,1624128683
229,Hong Gai,20.956,107.0946,30.95,86,100,2.83,VN,1624128683
230,Grand Gaube,-20.0064,57.6608,22.22,72,11,0.89,MU,1624128684
231,Tāybād,34.74,60.7756,28.53,14,0,7.28,IR,1624128684
232,Los Llanos de Aridane,28.6585,-17.9182,18.86,71,20,6.17,ES,1624128684
233,Namatanai,-3.6667,152.4333,25.55,83,9,2.34,PG,1624128685
234,Cidreira,-30.1811,-50.2056,15.4,92,100,5.7,BR,1624128685
235,San Cristobal,7.7669,-72.225,28.1,50,33,3.2,VE,1624128685
236,Saint-Philippe,-21.3585,55.7679,20.12,74,32,4.94,RE,1624128685
237,Wuwei,37.9281,102.6414,19.15,36,100,2.35,CN,1624128685
238,Aquiraz,-3.9014,-38.3911,30.05,75,74,3.45,BR,1624128667
239,Tahoua,14.8888,5.2692,36.99,30,15,0.0,NE,1624128686
240,Safi,32.2994,-9.2372,19.36,68,100,9.28,MA,1624128686
241,Torbay,47.6666,-52.7314,16.43,88,90,1.54,CA,1624128686
242,Riyadh,24.6877,46.7219,38.03,8,0,3.09,SA,1624128462
243,Sioux Lookout,50.1001,-91.917,13.21,76,90,2.57,CA,1624128687
244,Itoman,26.1247,127.6694,27.21,94,75,2.57,JP,1624128687
245,Srebrenik,44.7078,18.4881,24.36,69,0,1.4,BA,1624128687
246,Kiryat Gat,31.61,34.7642,24.38,100,0,2.01,IL,1624128687
247,Karratha,-20.7377,116.8463,18.65,46,0,3.31,AU,1624128688
248,Laguna,38.421,-121.4238,41.91,27,1,1.79,US,1624128688
249,Bambous Virieux,-20.3428,57.7575,22.14,60,40,5.66,MU,1624128688
250,Coari,-4.085,-63.1414,29.54,71,61,1.1,BR,1624128688
251,Yārāda,17.65,83.2667,29.18,79,75,3.09,IN,1624128689
252,Corn Island,12.1694,-83.0418,28.28,77,100,4.7,NI,1624128689
253,Goundam,16.4145,-3.6708,28.05,57,100,6.67,ML,1624128689
254,Khandyga,62.6667,135.6,15.11,56,39,1.16,RU,1624128690
255,Bellary,15.15,76.9333,24.9,75,100,7.52,IN,1624128690
256,Christchurch,-43.5333,172.6333,6.13,95,90,2.24,NZ,1624128600
257,Grindavik,63.8424,-22.4338,9.75,66,75,9.77,IS,1624128690
258,Yulara,-25.2406,130.9889,3.91,81,8,3.09,AU,1624128690
259,Antalaha,-14.9003,50.2788,21.23,86,31,5.65,MG,1624128691
260,Sholokhove,47.6945,34.0312,22.32,76,88,6.38,UA,1624128691
261,Praia da Vitória,38.7333,-27.0667,23.2,78,75,8.53,PT,1624128691
262,Tyukhtet,56.5389,89.3011,15.09,96,100,1.76,RU,1624128691
263,Ciudad Sabinas Hidalgo,26.5,-100.1667,35.25,32,100,4.48,MX,1624128692
264,Mount Gambier,-37.8333,140.7667,4.95,93,100,0.0,AU,1624128692
265,Texistepec,17.8833,-94.7833,31.35,65,79,1.32,MX,1624128692
266,Ancud,-41.8697,-73.8203,9.01,75,80,2.43,CL,1624128692
267,Te Anau,-45.4167,167.7167,-0.3,91,11,0.6,NZ,1624128693
268,Balkhash,46.844,74.9804,14.37,44,0,6.07,KZ,1624128693
269,Byron Bay,-28.65,153.6167,12.94,74,58,6.58,AU,1624128458
270,Caravelas,-17.7125,-39.2481,23.58,65,21,4.65,BR,1624128693
271,Chapais,49.7834,-74.8492,18.88,83,100,3.35,CA,1624128463
272,Gizo Government Station,-8.103,156.8419,26.97,77,100,2.32,SB,1624128693
273,Manono,-7.3,27.4167,24.83,36,78,2.31,CD,1624128694
274,Mehamn,71.0357,27.8492,6.36,83,100,3.78,NO,1624128694
275,Houma,29.5958,-90.7195,31.11,69,48,2.24,US,1624128694
276,Matara,5.9485,80.5353,26.22,84,99,5.16,LK,1624128694
277,Tuatapere,-46.1333,167.6833,1.01,90,2,1.55,NZ,1624128611
278,Casa Nova,-9.4167,-41.1333,29.99,38,8,7.07,BR,1624128695
279,Pindiga,9.9833,10.9333,28.3,57,100,2.53,NG,1624128695
280,Sabha,27.0377,14.4283,33.84,15,0,4.23,LY,1624128695
281,Mayumba,-3.432,10.6554,23.79,84,14,4.57,GA,1624128695
282,Yangi Marg`ilon,40.4272,71.7189,25.4,27,9,3.09,UZ,1624128696
283,Sitka,57.0531,-135.33,16.94,55,20,3.09,US,1624128696
284,Azángaro,-14.9167,-70.2167,15.85,25,22,2.36,PE,1624128696
285,Agüimes,27.9054,-15.4461,19.81,60,40,11.32,ES,1624128697
286,Mitsamiouli,-11.3847,43.2844,25.43,72,0,5.84,KM,1624128697
287,Guerrero Negro,27.9769,-114.0611,22.11,62,9,8.18,MX,1624128697
288,Necochea,-38.5473,-58.7368,10.02,51,96,2.65,AR,1624128697
289,Takoradze,4.8845,-1.7554,25.74,84,100,4.06,GH,1624128697
290,eMkhomazi,-30.2067,30.7978,18.15,85,0,4.36,ZA,1624128698
291,Port Hardy,50.6996,-127.4199,12.1,94,90,3.6,CA,1624128698
292,Green River,41.5286,-109.4662,30.22,12,77,8.84,US,1624128698
293,Puerto Peñasco,31.3167,-113.5333,29.39,73,0,3.58,MX,1624128456
294,Norman Wells,65.282,-126.8329,19.02,42,20,4.63,CA,1624128699
295,Vardø,70.3705,31.1107,7.45,87,100,4.32,NO,1624128699
296,Dunedin,-45.8742,170.5036,7.67,87,100,0.45,NZ,1624128699
297,Sagamu,6.8432,3.6478,27.88,79,50,3.1,NG,1624128699
298,Monte Alegre,-2.0078,-54.0692,30.85,55,98,3.33,BR,1624128700
299,Bontang,0.1333,117.5,24.81,90,100,2.76,ID,1624128700
300,Punto Fijo,11.6956,-70.1996,30.42,61,8,13.33,VE,1624128700
301,Mayo,38.8876,-76.5119,29.99,61,1,0.0,US,1624128700
302,Areosa,41.7178,-8.8571,16.8,80,100,3.51,PT,1624128701
303,Bilma,18.6853,12.9164,37.09,11,22,2.93,NE,1624128701
304,Pitimbu,-7.4706,-34.8086,28.33,77,22,7.39,BR,1624128701
305,Fernley,39.608,-119.2518,36.55,11,0,1.8,US,1624128507
306,Province of Trapani,37.8333,12.6667,27.06,83,0,1.03,IT,1624128701
307,Constitución,-35.3333,-72.4167,14.13,58,99,3.93,CL,1624128702
308,Sorong,-0.8833,131.25,25.24,85,100,2.58,ID,1624128702
309,Salalah,17.0151,54.0924,27.18,84,100,2.5,OM,1624128702
310,Eureka,40.8021,-124.1637,31.48,72,12,2.68,US,1624128702
311,Alofi,-19.0595,-169.9187,19.94,100,96,2.06,NU,1624128703
312,Lagoa,39.05,-27.9833,19.57,93,0,7.53,PT,1624128703
313,Brooks,50.5834,-111.8851,20.35,49,100,7.2,CA,1624128703
314,Morinville,53.8001,-113.652,20.3,64,20,3.6,CA,1624128557
315,Huilong,31.8111,121.655,22.24,81,100,1.7,CN,1624128703
316,Soe,-9.8607,124.284,18.18,94,60,1.67,ID,1624128704
317,Acapulco de Juárez,16.8634,-99.8901,25.08,91,100,2.65,MX,1624128434
318,Nouakchott,18.0858,-15.9785,28.96,58,0,9.75,MR,1624128704
319,Esperantinópolis,-4.8667,-44.7083,30.85,53,91,1.6,BR,1624128704
320,Mount Isa,-20.7333,139.5,11.87,50,82,2.57,AU,1624128705
321,Monchegorsk,67.9397,32.8739,13.47,62,100,0.96,RU,1624128705
322,Acaraú,-2.8856,-40.12,28.05,73,47,4.84,BR,1624128705
323,Fukuechō,32.6881,128.8419,21.96,77,51,4.49,JP,1624128705
324,Eyl,7.9803,49.8164,25.95,76,20,11.83,SO,1624128705
325,Umluj,25.0213,37.2685,30.16,45,0,3.81,SA,1624128706
326,Icod de los Vinos,28.3724,-16.7119,21.09,66,12,3.67,ES,1624128706
327,Ixtapa,20.7,-105.2,29.01,70,90,2.06,MX,1624128706
328,Vaitape,-16.5167,-151.75,27.27,75,10,7.94,PF,1624128707
329,Huazhou,21.6333,110.5833,27.31,84,81,1.75,CN,1624128707
330,Rome,43.2128,-75.4557,29.35,52,20,0.45,US,1624128707
331,Kiunga,-6.1219,141.2906,22.25,97,100,1.12,PG,1624128707
332,Comodoro Rivadavia,-45.8667,-67.5,8.92,46,0,7.2,AR,1624128708
333,Yangambi,0.8102,24.4336,23.65,73,99,0.82,CD,1624128708
334,Lincoln,40.8,-96.667,31.74,45,1,2.68,US,1624128676
335,Laas,46.6166,10.7002,25.49,81,45,1.2,IT,1624128708
336,Sayyan,15.1718,44.3244,20.6,19,62,3.79,YE,1624128708
337,Benicarló,40.4165,0.4271,23.64,75,100,3.64,ES,1624128709
338,North Battleford,52.7834,-108.2847,17.05,67,75,3.09,CA,1624128709
339,Iqaluit,63.7506,-68.5145,4.85,65,75,3.6,CA,1624128709
340,Esna,25.2934,32.554,33.01,9,0,5.23,EG,1624128709
341,Deputatsky,69.3,139.9,20.01,40,13,1.7,RU,1624128710
342,La Paz,-16.5,-68.15,15.99,15,40,4.12,BO,1624128710
343,San Rafael,-34.6177,-68.3301,10.94,42,99,2.64,AR,1624128641
344,Zastron,-30.3023,27.084,8.52,60,8,2.0,ZA,1624128710
345,Vila Velha,-20.3297,-40.2925,20.97,88,75,2.06,BR,1624128710
346,Hobyo,5.3505,48.5268,25.25,82,82,13.28,SO,1624128711
347,Nicoya,10.1483,-85.452,32.75,65,72,1.57,CR,1624128711
348,Kāndla,23.0333,70.2167,29.63,64,99,4.16,IN,1624128711
349,Waddān,29.1614,16.139,31.35,20,0,4.43,LY,1624128711
350,Kloulklubed,7.0419,134.2556,28.35,74,72,3.68,PW,1624128712
351,Kruisfontein,-34.0033,24.7314,15.74,30,7,2.71,ZA,1624128712
352,Santiago,-33.4569,-70.6483,19.54,50,40,1.54,CL,1624128712
353,Saldanha,-33.0117,17.9442,16.03,44,6,3.55,ZA,1624128712
354,Cairns,-16.9167,145.7667,16.7,93,100,4.63,AU,1624128713
355,Erzin,36.9559,36.2,23.33,84,4,1.64,TR,1624128713
356,Cabedelo,-6.9811,-34.8339,28.37,79,8,7.71,BR,1624128713
357,Ada,43.4166,-116.1262,31.29,28,1,4.92,US,1624128713
358,Chihuahua,28.5,-106.0,30.56,18,100,4.59,MX,1624128714
359,Biak,-0.9131,122.8766,24.27,83,100,2.19,ID,1624128714
360,Lhokseumawe,5.1801,97.1507,25.05,88,93,2.04,ID,1624128714
361,Vredendal,-31.6683,18.5012,20.78,29,28,3.27,ZA,1624128714
362,Guane,22.2025,-84.0875,31.91,56,100,4.86,CU,1624128715
363,Belūsovka,50.1339,82.5239,10.47,93,90,6.0,KZ,1624128715
364,Husavik,66.0449,-17.3389,8.95,83,67,3.99,IS,1624128715
365,Luohe,33.5717,114.0353,21.17,66,96,2.28,CN,1624128715
366,Dingle,10.9995,122.6711,24.59,87,100,1.27,PH,1624128716
367,Saint-Augustin,51.226,-58.6502,18.13,53,20,7.76,CA,1624128716
368,Ambilobe,-13.2,49.05,21.53,73,6,2.21,MG,1624128716
369,Pangnirtung,66.1451,-65.7125,6.0,87,75,6.69,CA,1624128716
370,Tautira,-17.7333,-149.15,25.01,81,75,8.18,PF,1624128717
371,Ust'-Dzheguta,44.0834,41.9763,20.14,76,6,4.54,RU,1624128717
372,Misawa,40.6836,141.3597,15.98,94,75,3.09,JP,1624128717
373,Huarmey,-10.0681,-78.1522,21.96,71,33,5.14,PE,1624128717
374,Cascais,38.6979,-9.4215,18.59,64,20,4.02,PT,1624128718
375,Druzhba,52.0428,33.9453,19.01,93,0,3.58,UA,1624128718
376,Clyde River,70.4692,-68.5914,1.13,100,90,2.06,CA,1624128718
377,Makassar,-5.14,119.4221,22.03,100,20,1.03,ID,1624128718
378,Dwārka,22.2394,68.9678,29.16,70,100,7.39,IN,1624128719
379,Erenhot,43.6475,111.9767,18.37,35,0,3.08,CN,1624128719
380,Marsá Maţrūḩ,31.3525,27.2453,24.11,69,0,3.09,EG,1624128719
381,Bundaberg,-24.85,152.35,11.79,73,8,1.79,AU,1624128719
382,Bairiki Village,1.3292,172.9752,27.3,72,32,0.03,KI,1624128720
383,Rawson,-43.3002,-65.1023,9.74,50,3,8.08,AR,1624128720
384,Nova Granada,-20.5339,-49.3142,30.14,20,0,5.41,BR,1624128720
385,Bandarbeyla,9.4942,50.8122,25.74,79,76,15.33,SO,1624128720
386,Béjar,40.3864,-5.7634,17.08,66,61,3.85,ES,1624128721
387,Kisangani,0.5167,25.2,23.61,77,46,0.57,CD,1624128721
388,Raudeberg,61.9875,5.1352,15.37,80,100,10.02,NO,1624128721
389,Sarana,56.4773,57.7259,18.38,86,67,5.56,RU,1624128721
390,Sterling,39.0062,-77.4286,30.59,73,90,3.09,US,1624128722
391,Tamworth,52.634,-1.6959,16.44,75,100,3.13,GB,1624128722
392,Dzilam González,21.2833,-88.9333,34.51,41,37,2.86,MX,1624128722
393,Novikovo,51.1537,37.8879,17.45,86,0,3.3,RU,1624128723
394,Oodweyne,9.4092,45.064,25.16,46,21,9.93,SO,1624128723
395,Flin Flon,54.7682,-101.865,19.91,49,75,3.6,CA,1624128723
396,Palana,59.1167,159.9667,5.2,79,100,2.92,RU,1624128723
397,Cayenne,4.9333,-52.3333,31.02,76,40,1.79,GF,1624128575
398,College,64.8569,-147.8028,16.72,80,75,0.0,US,1624128724
399,Buturlinovka,50.8239,40.6092,16.64,82,0,3.83,RU,1624128724
400,Mackenzie,55.2999,-123.1698,16.12,55,1,4.12,CA,1624128724
401,Belmonte,-15.8631,-38.8828,25.0,85,78,6.07,BR,1624128724
402,Mattru,7.6244,-11.8332,23.97,96,100,1.47,SL,1624128725
403,Le Mars,42.7942,-96.1656,27.91,30,1,2.06,US,1624128725
404,Kutum,14.2,24.6667,29.03,17,7,2.73,SD,1624128725
405,Ahipara,-35.1667,173.1667,14.89,88,25,6.8,NZ,1624128725
406,Noumea,-22.2763,166.4572,22.22,100,75,4.18,NC,1624127945
407,Nouadhibou,20.931,-17.0347,22.99,60,0,11.32,MR,1624128726
408,Santa Cruz de La Palma,28.6835,-17.7642,21.08,64,20,6.17,ES,1624128726
409,Mahabalipuram,12.6264,80.1722,30.03,70,100,3.8,IN,1624128726
410,Ghanzi,-21.5667,21.7833,16.13,43,86,5.14,BW,1624128726
411,Micheweni,-4.9667,39.8333,25.04,76,17,8.28,TZ,1624128727
412,Hvolsvollur,63.7533,-20.2243,11.01,65,100,1.87,IS,1624128727
413,Kaeo,-35.1,173.7833,11.85,97,30,5.28,NZ,1624128727
414,Laje,-10.1833,-40.9667,27.99,39,12,5.44,BR,1624128727
415,Thinadhoo,0.5333,72.9333,28.82,72,100,5.51,MV,1624128728
416,Kieta,-6.2167,155.6333,24.85,83,5,1.21,PG,1624128728
417,Soyo,-6.1349,12.3689,25.03,84,10,4.33,AO,1624128728
418,Luwuk,-0.9516,122.7875,24.82,84,100,1.79,ID,1624128728
419,Conceição do Araguaia,-8.2578,-49.2647,34.07,43,0,4.12,BR,1624128483
420,Trelew,-43.249,-65.3051,10.08,44,0,6.79,AR,1624128549
421,Hambantota,6.1241,81.1185,28.19,78,0,3.6,LK,1624128729
422,Aksarka,66.5606,67.7975,8.95,75,100,5.64,RU,1624128729
423,Turukhansk,65.8167,87.9833,12.11,92,100,3.55,RU,1624128729
424,Maniitsoq,65.4167,-52.9,3.9,98,100,5.24,GL,1624128729
425,Paamiut,61.994,-49.6678,5.64,86,100,10.65,GL,1624128730
426,Yar-Sale,66.8333,70.8333,7.29,79,86,4.11,RU,1624128730
427,Batagay-Alyta,67.8006,130.4114,19.01,45,100,2.13,RU,1624128730
428,El Salvador,13.8333,-88.9167,30.03,57,100,0.79,SV,1624128730
429,Virbalis,54.6267,22.8169,22.5,73,4,2.68,LT,1624128731
430,Longview,32.5007,-94.7405,34.19,51,20,0.89,US,1624128731
431,Aklavik,68.2191,-135.0107,23.46,35,20,5.14,CA,1624128731
432,Marzuq,14.4,46.4667,28.22,14,14,1.19,YE,1624128731
433,Belle Fourche,44.6714,-103.8522,31.36,33,25,4.3,US,1624128732
434,Korla,41.7597,86.1469,23.38,28,6,1.45,CN,1624128732
435,Port Hedland,-20.3167,118.5667,15.03,82,0,2.57,AU,1624128732
436,Quzhou,28.9594,118.8686,22.35,98,100,1.08,CN,1624128732
437,Saint George,37.1041,-113.5841,42.26,15,1,1.34,US,1624128733
438,Ugoofaaru,5.6667,73.0,28.15,77,99,6.24,MV,1624128733
439,Coria,39.9879,-6.5377,22.47,53,99,2.8,ES,1624128733
440,Pimentel,-6.8367,-79.9342,24.16,77,0,2.24,PE,1624128734
441,Bhatgaon,21.15,81.7,25.1,100,90,4.12,IN,1624128734
442,Kabinda,-6.1333,24.4833,22.05,41,11,1.7,CD,1624128734
443,Rancho Palos Verdes,33.7445,-118.387,32.59,87,20,2.24,US,1624128734
444,Chumphon,10.3333,98.8333,22.94,94,90,1.51,TH,1624128735
445,Lompoc,34.6391,-120.4579,33.77,78,1,5.66,US,1624128735
446,Sur,22.5667,59.5289,29.78,68,100,5.02,OM,1624128735
447,Marquette,46.5333,-87.6335,18.21,71,96,2.9,US,1624128735
448,Brentwood,40.7812,-73.2462,33.75,59,75,2.24,US,1624128735
449,Guánica,17.9716,-66.908,32.21,65,12,4.92,PR,1624128736
450,Sangar,63.9242,127.4739,15.46,51,45,0.7,RU,1624128736
451,Broome,42.2506,-75.833,28.94,54,1,0.45,US,1624128736
452,Kapiri Mposhi,-13.9652,28.6809,15.69,57,9,5.03,ZM,1624128736
453,Pryazha,61.6926,33.6216,24.57,66,4,2.18,RU,1624128737
454,Sydney,-33.8679,151.2073,13.39,88,75,0.45,AU,1624128539
455,Las Vegas,36.175,-115.1372,43.43,10,1,2.57,US,1624128737
456,Fenoarivo Atsinanana,-17.3667,49.4167,20.12,86,4,4.37,MG,1624128737
457,Taunggyi,20.7833,97.0333,16.28,96,51,1.82,MM,1624128738
458,Dzhida,50.6772,106.1806,15.53,47,38,0.53,RU,1624128738
459,Broken Hill,-31.95,141.4333,6.84,87,75,2.57,AU,1624128738
460,Umm Kaddadah,13.6017,26.6876,33.71,20,8,2.63,SD,1624128738
461,Krynychky,48.3755,34.467,21.29,75,100,6.02,UA,1624128739
462,Vao,-22.6667,167.4833,22.39,80,98,7.48,NC,1624128739
463,Morón,-34.6534,-58.6198,13.9,68,11,0.89,AR,1624128739
464,Mayya,61.7333,130.2811,12.62,77,53,1.18,RU,1624128739
465,Mayahi,13.9553,7.6712,37.06,21,68,0.82,NE,1624128740
466,Martil,35.6166,-5.2752,22.98,49,40,6.17,MA,1624128740
467,Måløy,61.9353,5.1136,15.85,80,100,9.93,NO,1624128740
468,Victor Harbor,-35.5667,138.6167,11.77,95,87,2.61,AU,1624128740
469,Samaná,19.2056,-69.3369,32.12,70,40,3.09,DO,1624128741
470,Lugovoy,42.9472,72.7644,15.8,54,16,1.49,KZ,1624128741
471,Clement Town,30.2667,78.0667,21.43,89,100,1.67,IN,1624128741
472,Padampur,29.6833,73.6167,35.53,25,0,3.15,IN,1624128741
473,Arrondissement du Havre,49.5833,0.3333,17.41,94,75,3.09,FR,1624128742
474,Dhidhdhoo,6.8833,73.1,27.85,79,100,6.54,MV,1624128742
475,Port Moresby,-9.4431,147.1797,22.68,88,20,5.14,PG,1624128742
476,Siocon,7.7061,122.1353,25.36,82,100,1.28,PH,1624128742
477,Vammala,61.3333,22.9,25.39,66,0,3.79,FI,1624128743
478,Kharp,66.8014,65.8081,9.72,74,100,5.19,RU,1624128743
479,Mackay,-21.15,149.2,14.47,93,100,2.57,AU,1624128743
480,Samfya,-11.3649,29.5565,19.14,46,0,5.71,ZM,1624128743
481,Gao,16.6362,1.637,36.0,23,86,6.78,ML,1624128744
482,Madang,-5.2246,145.7966,23.8,92,100,1.99,PG,1624128744
483,Diu,20.7141,70.9822,28.74,75,21,7.41,IN,1624128744
484,Puqi,29.7167,113.8833,19.89,96,100,0.17,CN,1624128744
485,Saýat,38.7839,63.8803,30.93,18,0,8.29,TM,1624128745
486,Inuvik,68.3499,-133.7218,23.48,56,1,2.57,CA,1624128745
487,Zakamensk,50.3741,103.2863,10.25,88,11,0.57,RU,1624128745
488,Oranjestad,12.524,-70.027,30.97,62,75,10.29,AW,1624128745
489,La Grande,45.3246,-118.0877,27.79,33,16,2.93,US,1624128746
490,Galveston,29.3669,-94.9669,36.72,60,5,3.82,US,1624128746
491,Berestechko,50.3605,25.1107,18.48,86,3,2.47,UA,1624128746
492,Kota Kinabalu,5.9749,116.0724,25.49,83,20,2.06,MY,1624128746
493,Santa Cruz de la Sierra,-17.8,-63.1667,13.03,71,75,6.17,BO,1624128592
494,Middleton,53.55,-2.2,18.49,68,100,4.05,GB,1624128654
495,Neiafu,-18.65,-173.9833,21.38,88,20,0.0,TO,1624128747
496,Puerto Carreño,6.189,-67.4859,32.96,52,47,0.72,CO,1624128747
497,Worthington,40.0931,-83.018,27.57,65,1,1.34,US,1624128747
498,Wufeng,27.45,104.8333,14.57,83,100,0.91,CN,1624128748
499,Carolina,18.3808,-65.9574,32.07,71,40,8.23,PR,1624128748
500,Markova,48.6758,24.4138,17.77,95,45,1.52,UA,1624128748
501,Burnie,-41.0667,145.9167,7.81,85,9,2.48,AU,1624128748
502,Quatre Cocos,-20.2078,57.7625,22.06,61,7,7.31,MU,1624128749
503,Three Hills,51.7001,-113.2686,15.27,87,100,4.63,CA,1624128602
504,Novy Urengoy,66.0833,76.6333,7.77,58,98,2.63,RU,1624128749
505,Bathsheba,13.2167,-59.5167,30.34,62,75,8.75,BB,1624128749
506,Haines Junction,60.7522,-137.5108,15.97,51,99,1.03,CA,1624128750
507,Bodden Town,19.2833,-81.25,32.0,1,20,5.14,KY,1624128750
508,Brae,60.3964,-1.353,10.95,63,100,3.09,GB,1624128750
509,Bongandanga,1.5,21.05,24.54,72,93,0.58,CD,1624128750
510,Armação de Pêra,37.1026,-8.357,19.95,66,87,7.4,PT,1624128751
511,Lewistown,40.5992,-77.5714,26.54,78,75,2.06,US,1624128751
512,Gīdolē,5.65,37.3667,14.82,68,85,1.04,ET,1624128751
513,Esperance,-33.8667,121.9,9.91,58,100,7.67,AU,1624128751
514,Erzurum Province,40.0,41.5,22.82,42,88,3.17,TR,1624128752
515,Kabo,7.6994,18.629,25.82,62,77,1.86,CF,1624128752
516,Roebourne,-20.7833,117.1333,18.58,40,0,3.62,AU,1624128752
517,Mandalī,33.7499,45.5541,32.35,13,0,2.33,IQ,1624128752
518,Blagoyevo,63.3667,47.9167,10.69,66,15,2.48,RU,1624128753
519,Zheleznodorozhnyy,55.7503,38.0042,24.23,72,0,2.93,RU,1624128753
520,Kayerkan,69.3497,87.7602,2.96,99,100,3.02,RU,1624128753
521,Meulaboh,4.1363,96.1285,25.8,85,100,0.87,ID,1624128753
522,Talcahuano,-36.7167,-73.1167,14.82,58,75,2.57,CL,1624128615
523,Rabat,33.9911,-6.8401,21.67,71,20,4.63,MA,1624128696
524,Yangliuqing,39.1375,116.9997,23.97,24,0,2.86,CN,1624128754
525,Aktau,43.65,51.2,27.32,23,4,6.17,KZ,1624128754
526,Santiago del Estero,-27.7951,-64.2615,15.71,40,6,1.73,AR,1624128754
527,Caucayá,-0.1934,-74.7819,25.93,91,57,0.72,CO,1624128754
528,Oranjemund,-28.55,16.4333,21.14,35,35,3.39,NA,1624128755
529,Muli,2.9167,73.5667,28.68,75,100,6.51,MV,1624128755
530,Buala,-8.145,159.5921,26.49,80,76,2.29,SB,1624128755
531,Forssa,60.8146,23.6215,25.15,65,5,3.46,FI,1624128755
532,Kamaishi,39.2667,141.8833,18.53,97,100,2.75,JP,1624128756
533,Lusambo,-4.9667,23.45,23.0,44,31,0.55,CD,1624128756
534,Camacha,33.0833,-16.3333,19.42,56,20,6.17,PT,1624128756
535,Shimanovsk,52.0,127.7,12.25,96,99,1.92,RU,1624128757
536,Colares,38.7992,-9.4469,18.49,64,20,4.02,PT,1624128757
537,Langham,52.3668,-106.9679,18.9,63,100,4.35,CA,1624128757
538,Berlevåg,70.8578,29.0864,6.64,87,100,2.99,NO,1624128757
539,Chlórakas,34.8042,32.4083,22.49,78,40,3.6,CY,1624128758
540,Mazurivka,49.2745,24.2123,19.44,92,91,2.77,UA,1624128758
541,Strezhevoy,60.7333,77.5889,7.99,91,100,1.64,RU,1624128758
542,Jaguaruna,-28.615,-49.0256,16.8,96,100,5.85,BR,1624128758
543,Aleksandrov Gay,50.147,48.5704,20.19,44,0,3.74,RU,1624128759
544,Alta Floresta,-9.8756,-56.0861,34.9,38,40,2.06,BR,1624128759
545,Taoudenni,22.6783,-3.9836,40.29,10,0,5.26,ML,1624128759
546,Atherton,53.5237,-2.4935,18.66,63,100,3.13,GB,1624128759
547,Plyussa,58.4308,29.3654,20.56,71,0,2.01,RU,1624128760
548,Lüderitz,-26.6481,15.1594,19.93,40,10,2.09,NA,1624128760
549,Mlalo,-4.9333,38.9333,20.31,91,16,2.62,TZ,1624128760
550,Wacheng,33.7833,114.5167,20.97,67,99,2.7,CN,1624128760
551,Angoche,-16.2325,39.9086,21.36,82,6,3.11,MZ,1624128761
552,Klyuchi,52.2667,79.1667,8.93,68,11,3.46,RU,1624128761
553,Rousse,43.8564,25.9708,18.52,96,18,3.38,BG,1624128761
554,Lashio,22.9333,97.75,19.31,98,39,0.9,MM,1624128761
555,Stornoway,58.2093,-6.3865,14.98,67,100,3.6,GB,1624128762
556,Mumbwa,-14.9783,27.0619,16.97,51,30,4.03,ZM,1624128762
557,Sucúa,-2.4667,-78.1667,21.41,94,90,0.51,EC,1624128762
558,Sokoni,-6.4333,39.55,25.92,76,11,9.4,TZ,1624128762
559,Mhlambanyatsi,-26.45,31.0167,7.33,94,0,1.45,SZ,1624128763
560,Taltal,-25.4,-70.4833,19.14,57,21,1.8,CL,1624128490
561,Lata,40.1629,-8.3327,17.8,85,100,3.11,PT,1624128763
562,Egvekinot,66.3167,-179.1667,5.23,77,89,1.02,RU,1624128763
563,Kungurtug,50.5994,97.5228,10.5,66,0,0.86,RU,1624128763
564,Olinda,-8.0089,-34.8553,21.85,88,75,4.63,BR,1624128764
565,Bograd,54.2344,90.8328,18.86,84,100,2.44,RU,1624128764
566,Røros,62.5747,11.3842,6.91,93,90,2.57,NO,1624128764
567,Sfântu Gheorghe,45.8667,25.7833,16.63,85,100,1.5,RO,1624128764
568,Puerto Ayacucho,5.6639,-67.6236,30.97,64,73,0.52,VE,1624128765
569,La Asuncion,11.0333,-63.8628,28.49,73,45,6.27,VE,1624128765
570,Shitanjing,39.2342,106.3439,22.85,23,100,1.9,CN,1624128765
571,Topolobampo,25.6,-109.05,34.47,49,3,6.06,MX,1624128765
572,Apostolove,47.66,33.7137,22.2,78,95,6.03,UA,1624128766
573,Itarema,-2.9248,-39.9167,28.31,71,53,5.53,BR,1624128766
574,Kulhudhuffushi,6.6221,73.07,27.84,78,100,6.6,MV,1624128766
575,St. George's,12.0564,-61.7485,29.82,74,20,9.26,GD,1624128766
576,Xinzhou,38.4092,112.7333,18.76,34,100,0.13,CN,1624128767
577,Baykit,61.67,96.37,14.29,83,0,1.68,RU,1624128767
578,Silchar,24.8167,92.8,24.11,97,100,1.27,IN,1624128767
579,Florence,43.7667,11.25,27.83,54,0,1.54,IT,1624128720
580,Chimbote,-9.0853,-78.5783,21.82,72,60,5.25,PE,1624128767
581,Ketchikan,55.3422,-131.6461,13.99,60,4,1.73,US,1624128749
582,Vilyuysk,63.7553,121.6247,17.45,76,34,1.4,RU,1624128768
583,Saint-Joseph,-21.3667,55.6167,19.56,74,16,4.79,RE,1624128768
584,Vestmanna,62.1564,-7.1664,9.51,93,90,4.63,FO,1624128768
585,Bolshoy Lug,52.0779,104.0919,11.1,59,24,1.4,RU,1624128768
586,Borgarnes,64.5383,-21.9206,11.22,69,100,2.32,IS,1624128769
587,Bichena,10.45,38.2,16.62,60,100,3.55,ET,1624128769
588,Igrim,63.1906,64.4162,11.36,98,100,3.93,RU,1624128769
589,Atasū,48.6814,71.6433,9.86,55,3,3.41,KZ,1624128769
